game_id,character,coins,spaces
1,Mario,0,26
1,Luigi,0,41
1,Peach,0,38
1,Daisy,0,34
1,Wario,-8,36
1,Waluigi,-6,40
1,Yoshi,0,40
1,Rosalina,6,32
1,Donkey Kong,5,30
1,Diddy Kong,0,49
1,Goomba,10,23
1,Shy Guy,0,28
1,Koopa Troopa,0,31
1,Monty Mole,1,43
1,Bowser,-9,46
1,Bowser Jr.,0,35
1,Boo,-6,39
1,Hammer Bro.,12,18
1,Dry Bones,0,30
1,Pom Pom,0,26
1,Mario,0,40
1,Luigi,0,41
1,Peach,0,32
1,Daisy,0,34
1,Wario,-6,42
1,Waluigi,-6,38
1,Yoshi,0,32
1,Rosalina,8,29
1,Donkey Kong,10,40
1,Diddy Kong,4,42
1,Goomba,12,19
1,Shy Guy,0,32
1,Koopa Troopa,0,35
1,Monty Mole,2,33
1,Bowser,-12,56
1,Bowser Jr.,0,33
1,Boo,-4,44
1,Hammer Bro.,6,24
1,Dry Bones,0,40
1,Pom Pom,0,37
2,Mario,0,45
2,Luigi,0,37
2,Peach,0,40
2,Daisy,0,34
2,Wario,-10,30
2,Waluigi,-6,36
2,Yoshi,0,41
2,Rosalina,4,31
2,Donkey Kong,5,40
2,Diddy Kong,2,35
2,Goomba,6,28
2,Shy Guy,0,36
2,Koopa Troopa,0,35
2,Monty Mole,1,42
2,Bowser,-12,48
2,Bowser Jr.,0,22
2,Boo,-10,27
2,Hammer Bro.,3,41
2,Dry Bones,0,40
2,Pom Pom,0,29
3,Mario,0,36
3,Luigi,0,24
3,Peach,0,24
3,Daisy,0,33
3,Wario,-12,24
3,Waluigi,-3,39
3,Yoshi,0,33
3,Rosalina,6,31
3,Donkey Kong,10,30
3,Diddy Kong,2,42
3,Goomba,10,20
3,Shy Guy,0,36
3,Koopa Troopa,0,27
3,Monty Mole,4,24
3,Bowser,-12,37
3,Bowser Jr.,0,29
3,Boo,-4,50
3,Hammer Bro.,0,26
3,Dry Bones,0,25
3,Pom Pom,0,34
4,Mario,0,33
4,Luigi,0,42
4,Peach,0,36
4,Daisy,0,32
4,Wario,-6,42
4,Waluigi,-3,47
4,Yoshi,0,34
4,Rosalina,4,27
4,Donkey Kong,5,60
4,Diddy Kong,2,28
4,Goomba,8,27
4,Shy Guy,0,28
4,Koopa Troopa,0,37
4,Monty Mole,1,38
4,Bowser,-12,22
4,Bowser Jr.,0,40
4,Boo,-8,38
4,Hammer Bro.,9,11
4,Dry Bones,0,25
4,Pom Pom,0,37
5,Mario,0,39
5,Luigi,0,35
5,Peach,0,38
5,Daisy,0,34
5,Wario,-8,36
5,Waluigi,-6,28
5,Yoshi,0,29
5,Rosalina,2,36
5,Donkey Kong,20,20
5,Diddy Kong,4,28
5,Goomba,8,32
5,Shy Guy,0,32
5,Koopa Troopa,0,22
5,Monty Mole,2,36
5,Bowser,0,83
5,Bowser Jr.,0,33
5,Boo,0,66
5,Hammer Bro.,3,13
5,Dry Bones,0,40
5,Pom Pom,0,34
6,Mario,0,30
6,Luigi,0,29
6,Peach,0,34
6,Daisy,0,32
6,Wario,-10,30
6,Waluigi,-3,35
6,Yoshi,0,32
6,Rosalina,12,18
6,Donkey Kong,0,10
6,Diddy Kong,4,42
6,Goomba,10,20
6,Shy Guy,0,36
6,Koopa Troopa,0,55
6,Monty Mole,3,31
6,Bowser,-9,54
6,Bowser Jr.,0,38
6,Boo,-6,41
6,Hammer Bro.,6,28
6,Dry Bones,0,30
6,Pom Pom,0,31
7,Mario,0,34
7,Luigi,0,46
7,Peach,0,48
7,Daisy,0,35
7,Wario,-6,42
7,Waluigi,-6,38
7,Yoshi,0,26
7,Rosalina,6,42
7,Donkey Kong,5,30
7,Diddy Kong,6,21
7,Goomba,2,36
7,Shy Guy,0,24
7,Koopa Troopa,0,32
7,Monty Mole,2,41
7,Bowser,-15,45
7,Bowser Jr.,0,49
7,Boo,-4,54
7,Hammer Bro.,3,21
7,Dry Bones,0,40
7,Pom Pom,0,32
8,Mario,0,41
8,Luigi,0,29
8,Peach,0,26
8,Daisy,0,35
8,Wario,-6,42
8,Waluigi,0,40
8,Yoshi,0,43
8,Rosalina,10,17
8,Donkey Kong,10,30
8,Diddy Kong,4,14
8,Goomba,6,30
8,Shy Guy,0,32
8,Koopa Troopa,0,53
8,Monty Mole,1,30
8,Bowser,0,45
8,Bowser Jr.,0,38
8,Boo,-4,50
8,Hammer Bro.,6,24
8,Dry Bones,0,35
8,Pom Pom,0,40
9,Mario,0,40
9,Luigi,0,43
9,Peach,0,40
9,Daisy,0,32
9,Wario,-2,54
9,Waluigi,-6,30
9,Yoshi,0,45
9,Rosalina,8,36
9,Donkey Kong,0,20
9,Diddy Kong,2,28
9,Goomba,6,28
9,Shy Guy,0,32
9,Koopa Troopa,0,27
9,Monty Mole,4,27
9,Bowser,-9,32
9,Bowser Jr.,0,37
9,Boo,-8,34
9,Hammer Bro.,0,30
9,Dry Bones,0,35
9,Pom Pom,0,34
10,Mario,0,38
10,Luigi,0,43
10,Peach,0,22
10,Daisy,0,34
10,Wario,-10,30
10,Waluigi,0,24
10,Yoshi,0,35
10,Rosalina,12,13
10,Donkey Kong,5,30
10,Diddy Kong,4,42
10,Goomba,6,34
10,Shy Guy,0,32
10,Koopa Troopa,0,37
10,Monty Mole,2,30
10,Bowser,-6,54
10,Bowser Jr.,0,46
10,Boo,-6,43
10,Hammer Bro.,6,24
10,Dry Bones,0,35
10,Pom Pom,0,23
1,Mario,0,38
1,Luigi,0,31
1,Peach,0,34
1,Daisy,0,34
1,Wario,-8,36
1,Waluigi,-6,46
1,Yoshi,0,48
1,Rosalina,8,26
1,Donkey Kong,15,30
1,Diddy Kong,4,42
1,Goomba,8,25
1,Shy Guy,0,36
1,Koopa Troopa,0,34
1,Monty Mole,3,32
1,Bowser,-6,54
1,Bowser Jr.,0,38
1,Boo,-6,45
1,Hammer Bro.,6,20
1,Dry Bones,0,55
1,Pom Pom,0,15
2,Mario,0,40
2,Luigi,0,19
2,Peach,0,32
2,Daisy,0,33
2,Wario,-8,36
2,Waluigi,-9,23
2,Yoshi,0,24
2,Rosalina,2,33
2,Donkey Kong,15,30
2,Diddy Kong,2,42
2,Goomba,10,22
2,Shy Guy,0,36
2,Koopa Troopa,0,27
2,Monty Mole,2,34
2,Bowser,-9,54
2,Bowser Jr.,0,22
2,Boo,-6,45
2,Hammer Bro.,6,20
2,Dry Bones,0,30
2,Pom Pom,0,39
3,Mario,0,28
3,Luigi,0,20
3,Peach,0,34
3,Daisy,0,32
3,Wario,-6,42
3,Waluigi,-3,45
3,Yoshi,0,33
3,Rosalina,0,45
3,Donkey Kong,20,20
3,Diddy Kong,4,28
3,Goomba,2,39
3,Shy Guy,0,28
3,Koopa Troopa,0,29
3,Monty Mole,2,39
3,Bowser,-6,22
3,Bowser Jr.,0,44
3,Boo,-12,26
3,Hammer Bro.,0,34
3,Dry Bones,0,40
3,Pom Pom,0,29
4,Mario,0,38
4,Luigi,0,34
4,Peach,0,32
4,Daisy,0,34
4,Wario,-6,42
4,Waluigi,0,46
4,Yoshi,0,46
4,Rosalina,6,30
4,Donkey Kong,10,60
4,Diddy Kong,0,35
4,Goomba,8,22
4,Shy Guy,0,36
4,Koopa Troopa,0,20
4,Monty Mole,3,24
4,Bowser,-9,59
4,Bowser Jr.,0,24
4,Boo,-8,34
4,Hammer Bro.,3,29
4,Dry Bones,0,35
4,Pom Pom,0,35
5,Mario,0,38
5,Luigi,0,36
5,Peach,0,28
5,Daisy,0,32
5,Wario,-6,42
5,Waluigi,-9,19
5,Yoshi,0,28
5,Rosalina,0,36
5,Donkey Kong,0,10
5,Diddy Kong,2,35
5,Goomba,8,21
5,Shy Guy,0,32
5,Koopa Troopa,0,38
5,Monty Mole,3,29
5,Bowser,-12,53
5,Bowser Jr.,0,33
5,Boo,-6,43
5,Hammer Bro.,9,19
5,Dry Bones,0,25
5,Pom Pom,0,15
6,Mario,0,34
6,Luigi,0,44
6,Peach,0,34
6,Daisy,0,37
6,Wario,-6,42
6,Waluigi,-3,41
6,Yoshi,0,42
6,Rosalina,8,25
6,Donkey Kong,5,50
6,Diddy Kong,4,28
6,Goomba,2,44
6,Shy Guy,0,36
6,Koopa Troopa,0,19
6,Monty Mole,3,29
6,Bowser,-15,47
6,Bowser Jr.,0,30
6,Boo,-2,55
6,Hammer Bro.,3,17
6,Dry Bones,0,45
6,Pom Pom,0,29
7,Mario,0,34
7,Luigi,0,31
7,Peach,0,40
7,Daisy,0,30
7,Wario,-6,42
7,Waluigi,-3,43
7,Yoshi,0,29
7,Rosalina,10,24
7,Donkey Kong,5,60
7,Diddy Kong,0,42
7,Goomba,4,38
7,Shy Guy,0,28
7,Koopa Troopa,0,35
7,Monty Mole,4,21
7,Bowser,-9,56
7,Bowser Jr.,0,35
7,Boo,-12,24
7,Hammer Bro.,3,17
7,Dry Bones,0,25
7,Pom Pom,0,49
8,Mario,0,36
8,Luigi,0,30
8,Peach,0,38
8,Daisy,0,32
8,Wario,0,60
8,Waluigi,-12,26
8,Yoshi,0,26
8,Rosalina,4,33
8,Donkey Kong,15,20
8,Diddy Kong,4,28
8,Goomba,8,25
8,Shy Guy,0,32
8,Koopa Troopa,0,20
8,Monty Mole,3,29
8,Bowser,-15,44
8,Bowser Jr.,0,40
8,Boo,-4,44
8,Hammer Bro.,6,16
8,Dry Bones,0,20
8,Pom Pom,0,28
9,Mario,0,29
9,Luigi,0,37
9,Peach,0,40
9,Daisy,0,35
9,Wario,-4,48
9,Waluigi,-3,33
9,Yoshi,0,31
9,Rosalina,6,25
9,Donkey Kong,0,50
9,Diddy Kong,8,35
9,Goomba,0,48
9,Shy Guy,0,28
9,Koopa Troopa,0,30
9,Monty Mole,2,31
9,Bowser,-9,50
9,Bowser Jr.,0,40
9,Boo,-4,44
9,Hammer Bro.,0,18
9,Dry Bones,0,30
9,Pom Pom,0,34
10,Mario,0,34
10,Luigi,0,25
10,Peach,0,22
10,Daisy,0,33
10,Wario,-8,36
10,Waluigi,0,34
10,Yoshi,0,48
10,Rosalina,8,29
10,Donkey Kong,5,30
10,Diddy Kong,0,63
10,Goomba,8,29
10,Shy Guy,0,40
10,Koopa Troopa,0,23
10,Monty Mole,2,21
10,Bowser,-12,54
10,Bowser Jr.,0,16
10,Boo,-10,31
10,Hammer Bro.,0,30
10,Dry Bones,0,40
10,Pom Pom,0,45
11,Mario,0,34
11,Luigi,0,44
11,Peach,0,18
11,Daisy,0,35
11,Wario,-4,48
11,Waluigi,-3,41
11,Yoshi,0,22
11,Rosalina,4,34
11,Donkey Kong,10,50
11,Diddy Kong,0,35
11,Goomba,8,24
11,Shy Guy,0,36
11,Koopa Troopa,0,44
11,Monty Mole,1,32
11,Bowser,-9,58
11,Bowser Jr.,0,40
11,Boo,-6,45
11,Hammer Bro.,9,23
11,Dry Bones,0,50
11,Pom Pom,0,37
12,Mario,0,36
12,Luigi,0,55
12,Peach,0,36
12,Daisy,0,33
12,Wario,-6,42
12,Waluigi,-3,35
12,Yoshi,0,34
12,Rosalina,4,33
12,Donkey Kong,15,40
12,Diddy Kong,0,28
12,Goomba,6,31
12,Shy Guy,0,24
12,Koopa Troopa,0,30
12,Monty Mole,1,40
12,Bowser,-18,20
12,Bowser Jr.,0,22
12,Boo,-4,48
12,Hammer Bro.,6,20
12,Dry Bones,0,30
12,Pom Pom,0,28
13,Mario,0,31
13,Luigi,0,36
13,Peach,0,32
13,Daisy,0,36
13,Wario,-12,24
13,Waluigi,-3,31
13,Yoshi,0,35
13,Rosalina,10,18
13,Donkey Kong,0,40
13,Diddy Kong,2,49
13,Goomba,4,37
13,Shy Guy,0,36
13,Koopa Troopa,0,38
13,Monty Mole,1,37
13,Bowser,-18,33
13,Bowser Jr.,0,36
13,Boo,-12,24
13,Hammer Bro.,3,25
13,Dry Bones,0,40
13,Pom Pom,0,34
14,Mario,0,32
14,Luigi,0,49
14,Peach,0,30
14,Daisy,0,33
14,Wario,-14,18
14,Waluigi,-9,37
14,Yoshi,0,32
14,Rosalina,4,33
14,Donkey Kong,0,40
14,Diddy Kong,0,42
14,Goomba,4,40
14,Shy Guy,0,28
14,Koopa Troopa,0,30
14,Monty Mole,2,32
14,Bowser,-6,42
14,Bowser Jr.,0,13
14,Boo,-6,45
14,Hammer Bro.,9,23
14,Dry Bones,0,30
14,Pom Pom,0,41
15,Mario,0,40
15,Luigi,0,42
15,Peach,0,32
15,Daisy,0,34
15,Wario,-6,42
15,Waluigi,-12,24
15,Yoshi,0,36
15,Rosalina,12,14
15,Donkey Kong,5,30
15,Diddy Kong,8,28
15,Goomba,4,29
15,Shy Guy,0,40
15,Koopa Troopa,0,29
15,Monty Mole,1,29
15,Bowser,-12,48
15,Bowser Jr.,0,43
15,Boo,-12,24
15,Hammer Bro.,9,11
15,Dry Bones,0,35
15,Pom Pom,0,45
16,Mario,0,38
16,Luigi,0,21
16,Peach,0,42
16,Daisy,0,33
16,Wario,-6,42
16,Waluigi,-9,29
16,Yoshi,0,34
16,Rosalina,6,25
16,Donkey Kong,5,20
16,Diddy Kong,2,28
16,Goomba,4,32
16,Shy Guy,0,36
16,Koopa Troopa,0,24
16,Monty Mole,0,41
16,Bowser,-15,22
16,Bowser Jr.,0,51
16,Boo,-10,29
16,Hammer Bro.,6,12
16,Dry Bones,0,45
16,Pom Pom,0,34
17,Mario,0,41
17,Luigi,0,27
17,Peach,0,30
17,Daisy,0,32
17,Wario,-10,30
17,Waluigi,-6,34
17,Yoshi,0,38
17,Rosalina,2,41
17,Donkey Kong,20,50
17,Diddy Kong,2,49
17,Goomba,4,37
17,Shy Guy,0,40
17,Koopa Troopa,0,44
17,Monty Mole,3,23
17,Bowser,-9,53
17,Bowser Jr.,0,43
17,Boo,-8,36
17,Hammer Bro.,3,37
17,Dry Bones,0,30
17,Pom Pom,0,45
18,Mario,0,30
18,Luigi,0,46
18,Peach,0,30
18,Daisy,0,33
18,Wario,-8,36
18,Waluigi,-3,29
18,Yoshi,0,52
18,Rosalina,4,34
18,Donkey Kong,5,40
18,Diddy Kong,2,28
18,Goomba,6,33
18,Shy Guy,0,24
18,Koopa Troopa,0,31
18,Monty Mole,3,28
18,Bowser,-6,46
18,Bowser Jr.,0,35
18,Boo,-8,38
18,Hammer Bro.,3,29
18,Dry Bones,0,35
18,Pom Pom,0,32
19,Mario,0,40
19,Luigi,0,48
19,Peach,0,30
19,Daisy,0,32
19,Wario,-2,54
19,Waluigi,0,44
19,Yoshi,0,25
19,Rosalina,12,18
19,Donkey Kong,5,20
19,Diddy Kong,4,35
19,Goomba,4,38
19,Shy Guy,0,28
19,Koopa Troopa,0,25
19,Monty Mole,3,28
19,Bowser,-12,38
19,Bowser Jr.,0,37
19,Boo,-10,33
19,Hammer Bro.,3,21
19,Dry Bones,0,25
19,Pom Pom,0,44
20,Mario,0,28
20,Luigi,0,35
20,Peach,0,32
20,Daisy,0,34
20,Wario,-6,42
20,Waluigi,0,42
20,Yoshi,0,27
20,Rosalina,8,20
20,Donkey Kong,15,40
20,Diddy Kong,2,42
20,Goomba,8,29
20,Shy Guy,0,36
20,Koopa Troopa,0,57
20,Monty Mole,1,35
20,Bowser,-3,83
20,Bowser Jr.,0,30
20,Boo,-4,46
20,Hammer Bro.,0,26
20,Dry Bones,0,45
20,Pom Pom,0,24
21,Mario,0,37
21,Luigi,0,26
21,Peach,0,30
21,Daisy,0,31
21,Wario,-6,42
21,Waluigi,-9,43
21,Yoshi,0,30
21,Rosalina,12,17
21,Donkey Kong,0,20
21,Diddy Kong,6,35
21,Goomba,8,22
21,Shy Guy,0,32
21,Koopa Troopa,0,61
21,Monty Mole,2,33
21,Bowser,-18,36
21,Bowser Jr.,0,32
21,Boo,-8,34
21,Hammer Bro.,0,26
21,Dry Bones,0,35
21,Pom Pom,0,29
22,Mario,0,35
22,Luigi,0,37
22,Peach,0,36
22,Daisy,0,33
22,Wario,-8,36
22,Waluigi,-6,32
22,Yoshi,0,36
22,Rosalina,8,39
22,Donkey Kong,15,50
22,Diddy Kong,0,49
22,Goomba,4,33
22,Shy Guy,0,32
22,Koopa Troopa,0,29
22,Monty Mole,4,18
22,Bowser,-3,48
22,Bowser Jr.,0,40
22,Boo,-6,45
22,Hammer Bro.,9,15
22,Dry Bones,0,30
22,Pom Pom,0,36
23,Mario,0,38
23,Luigi,0,34
23,Peach,0,30
23,Daisy,0,31
23,Wario,-10,30
23,Waluigi,-3,37
23,Yoshi,0,47
23,Rosalina,12,10
23,Donkey Kong,5,20
23,Diddy Kong,8,14
23,Goomba,4,33
23,Shy Guy,0,36
23,Koopa Troopa,0,54
23,Monty Mole,1,34
23,Bowser,-3,71
23,Bowser Jr.,0,43
23,Boo,-6,43
23,Hammer Bro.,0,26
23,Dry Bones,0,35
23,Pom Pom,0,37
24,Mario,0,36
24,Luigi,0,36
24,Peach,0,38
24,Daisy,0,33
24,Wario,-8,36
24,Waluigi,-12,28
24,Yoshi,0,32
24,Rosalina,4,29
24,Donkey Kong,5,30
24,Diddy Kong,4,7
24,Goomba,4,38
24,Shy Guy,0,40
24,Koopa Troopa,0,29
24,Monty Mole,1,37
24,Bowser,-6,40
24,Bowser Jr.,0,25
24,Boo,-8,34
24,Hammer Bro.,3,25
24,Dry Bones,0,40
24,Pom Pom,0,29
25,Mario,0,41
25,Luigi,0,30
25,Peach,0,30
25,Daisy,0,34
25,Wario,-4,48
25,Waluigi,0,32
25,Yoshi,0,49
25,Rosalina,8,21
25,Donkey Kong,10,10
25,Diddy Kong,2,28
25,Goomba,6,29
25,Shy Guy,0,32
25,Koopa Troopa,0,40
25,Monty Mole,2,30
25,Bowser,-12,33
25,Bowser Jr.,0,22
25,Boo,-4,48
25,Hammer Bro.,3,21
25,Dry Bones,0,30
25,Pom Pom,0,42
26,Mario,0,37
26,Luigi,0,38
26,Peach,0,28
26,Daisy,0,33
26,Wario,-8,36
26,Waluigi,-6,36
26,Yoshi,0,40
26,Rosalina,2,44
26,Donkey Kong,5,10
26,Diddy Kong,4,42
26,Goomba,10,21
26,Shy Guy,0,32
26,Koopa Troopa,0,24
26,Monty Mole,0,35
26,Bowser,-18,28
26,Bowser Jr.,0,37
26,Boo,-12,22
26,Hammer Bro.,6,16
26,Dry Bones,0,40
26,Pom Pom,0,32
27,Mario,0,37
27,Luigi,0,44
27,Peach,0,36
27,Daisy,0,34
27,Wario,-6,42
27,Waluigi,-9,31
27,Yoshi,0,32
27,Rosalina,6,25
27,Donkey Kong,5,30
27,Diddy Kong,4,42
27,Goomba,6,30
27,Shy Guy,0,32
27,Koopa Troopa,0,34
27,Monty Mole,3,27
27,Bowser,-12,54
27,Bowser Jr.,0,41
27,Boo,-4,52
27,Hammer Bro.,0,30
27,Dry Bones,0,30
27,Pom Pom,0,36
28,Mario,0,36
28,Luigi,0,41
28,Peach,0,34
28,Daisy,0,33
28,Wario,-4,48
28,Waluigi,-9,33
28,Yoshi,0,29
28,Rosalina,6,25
28,Donkey Kong,15,30
28,Diddy Kong,2,42
28,Goomba,6,28
28,Shy Guy,0,32
28,Koopa Troopa,0,22
28,Monty Mole,1,34
28,Bowser,0,41
28,Bowser Jr.,0,27
28,Boo,-10,33
28,Hammer Bro.,3,37
28,Dry Bones,0,35
28,Pom Pom,0,42
29,Mario,0,29
29,Luigi,0,45
29,Peach,0,32
29,Daisy,0,34
29,Wario,-2,54
29,Waluigi,-3,47
29,Yoshi,0,50
29,Rosalina,8,19
29,Donkey Kong,10,40
29,Diddy Kong,2,21
29,Goomba,2,38
29,Shy Guy,0,36
29,Koopa Troopa,0,35
29,Monty Mole,1,37
29,Bowser,-18,38
29,Bowser Jr.,0,28
29,Boo,-8,32
29,Hammer Bro.,3,25
29,Dry Bones,0,25
29,Pom Pom,0,24
30,Mario,0,37
30,Luigi,0,32
30,Peach,0,28
30,Daisy,0,35
30,Wario,-10,30
30,Waluigi,-6,36
30,Yoshi,0,28
30,Rosalina,4,35
30,Donkey Kong,5,50
30,Diddy Kong,4,42
30,Goomba,10,21
30,Shy Guy,0,36
30,Koopa Troopa,0,25
30,Monty Mole,2,25
30,Bowser,-6,59
30,Bowser Jr.,0,35
30,Boo,-10,31
30,Hammer Bro.,6,20
30,Dry Bones,0,40
30,Pom Pom,0,37
31,Mario,0,29
31,Luigi,0,35
31,Peach,0,38
31,Daisy,0,31
31,Wario,-8,36
31,Waluigi,-3,33
31,Yoshi,0,41
31,Rosalina,8,28
31,Donkey Kong,20,20
31,Diddy Kong,4,35
31,Goomba,6,27
31,Shy Guy,0,36
31,Koopa Troopa,0,42
31,Monty Mole,1,46
31,Bowser,-12,37
31,Bowser Jr.,0,33
31,Boo,-6,47
31,Hammer Bro.,9,15
31,Dry Bones,0,35
31,Pom Pom,0,37
32,Mario,0,43
32,Luigi,0,37
32,Peach,0,26
32,Daisy,0,32
32,Wario,-6,42
32,Waluigi,-3,37
32,Yoshi,0,32
32,Rosalina,4,31
32,Donkey Kong,15,10
32,Diddy Kong,0,49
32,Goomba,6,34
32,Shy Guy,0,36
32,Koopa Troopa,0,50
32,Monty Mole,0,39
32,Bowser,-12,40
32,Bowser Jr.,0,32
32,Boo,-6,41
32,Hammer Bro.,3,33
32,Dry Bones,0,35
32,Pom Pom,0,41
33,Mario,0,45
33,Luigi,0,25
33,Peach,0,30
33,Daisy,0,31
33,Wario,-8,36
33,Waluigi,-9,29
33,Yoshi,0,26
33,Rosalina,4,41
33,Donkey Kong,10,50
33,Diddy Kong,4,42
33,Goomba,4,40
33,Shy Guy,0,36
33,Koopa Troopa,0,28
33,Monty Mole,2,26
33,Bowser,-9,39
33,Bowser Jr.,0,35
33,Boo,-4,46
33,Hammer Bro.,6,24
33,Dry Bones,0,25
33,Pom Pom,0,39
34,Mario,0,31
34,Luigi,0,26
34,Peach,0,34
34,Daisy,0,35
34,Wario,-8,36
34,Waluigi,-3,31
34,Yoshi,0,24
34,Rosalina,4,43
34,Donkey Kong,5,40
34,Diddy Kong,8,21
34,Goomba,12,16
34,Shy Guy,0,40
34,Koopa Troopa,0,48
34,Monty Mole,2,34
34,Bowser,-6,57
34,Bowser Jr.,0,41
34,Boo,-4,48
34,Hammer Bro.,9,19
34,Dry Bones,0,40
34,Pom Pom,0,34
35,Mario,0,34
35,Luigi,0,31
35,Peach,0,34
35,Daisy,0,34
35,Wario,-6,42
35,Waluigi,-6,30
35,Yoshi,0,27
35,Rosalina,4,38
35,Donkey Kong,10,50
35,Diddy Kong,2,49
35,Goomba,10,23
35,Shy Guy,0,36
35,Koopa Troopa,0,30
35,Monty Mole,2,32
35,Bowser,-9,47
35,Bowser Jr.,0,35
35,Boo,-6,43
35,Hammer Bro.,0,26
35,Dry Bones,0,40
35,Pom Pom,0,26
36,Mario,0,46
36,Luigi,0,38
36,Peach,0,26
36,Daisy,0,32
36,Wario,-6,42
36,Waluigi,-6,34
36,Yoshi,0,18
36,Rosalina,8,29
36,Donkey Kong,5,50
36,Diddy Kong,4,42
36,Goomba,6,27
36,Shy Guy,0,40
36,Koopa Troopa,0,35
36,Monty Mole,2,33
36,Bowser,0,62
36,Bowser Jr.,0,33
36,Boo,-6,39
36,Hammer Bro.,0,30
36,Dry Bones,0,30
36,Pom Pom,0,29
37,Mario,0,42
37,Luigi,0,38
37,Peach,0,36
37,Daisy,0,37
37,Wario,-4,48
37,Waluigi,0,50
37,Yoshi,0,33
37,Rosalina,6,31
37,Donkey Kong,10,30
37,Diddy Kong,2,49
37,Goomba,2,44
37,Shy Guy,0,28
37,Koopa Troopa,0,31
37,Monty Mole,4,28
37,Bowser,-6,44
37,Bowser Jr.,0,27
37,Boo,-8,36
37,Hammer Bro.,9,23
37,Dry Bones,0,20
37,Pom Pom,0,17
38,Mario,0,42
38,Luigi,0,60
38,Peach,0,18
38,Daisy,0,35
38,Wario,-6,42
38,Waluigi,-3,39
38,Yoshi,0,35
38,Rosalina,4,29
38,Donkey Kong,0,50
38,Diddy Kong,4,28
38,Goomba,2,45
38,Shy Guy,0,32
38,Koopa Troopa,0,48
38,Monty Mole,1,40
38,Bowser,-6,62
38,Bowser Jr.,0,32
38,Boo,-10,31
38,Hammer Bro.,6,20
38,Dry Bones,0,30
38,Pom Pom,0,28
39,Mario,0,24
39,Luigi,0,30
39,Peach,0,30
39,Daisy,0,34
39,Wario,-10,30
39,Waluigi,-6,36
39,Yoshi,0,32
39,Rosalina,8,27
39,Donkey Kong,25,10
39,Diddy Kong,2,49
39,Goomba,14,14
39,Shy Guy,0,28
39,Koopa Troopa,0,31
39,Monty Mole,3,26
39,Bowser,-12,52
39,Bowser Jr.,0,38
39,Boo,-8,38
39,Hammer Bro.,6,28
39,Dry Bones,0,55
39,Pom Pom,0,32
40,Mario,0,30
40,Luigi,0,36
40,Peach,0,36
40,Daisy,0,31
40,Wario,-4,48
40,Waluigi,-3,45
40,Yoshi,0,24
40,Rosalina,6,29
40,Donkey Kong,5,50
40,Diddy Kong,2,42
40,Goomba,10,20
40,Shy Guy,0,28
40,Koopa Troopa,0,24
40,Monty Mole,0,36
40,Bowser,-15,36
40,Bowser Jr.,0,46
40,Boo,0,60
40,Hammer Bro.,15,13
40,Dry Bones,0,45
40,Pom Pom,0,35
41,Mario,0,30
41,Luigi,0,36
41,Peach,0,28
41,Daisy,0,32
41,Wario,-6,42
41,Waluigi,-6,40
41,Yoshi,0,33
41,Rosalina,4,30
41,Donkey Kong,15,20
41,Diddy Kong,2,28
41,Goomba,4,40
41,Shy Guy,0,28
41,Koopa Troopa,0,32
41,Monty Mole,0,41
41,Bowser,-3,81
41,Bowser Jr.,0,38
41,Boo,-10,29
41,Hammer Bro.,3,37
41,Dry Bones,0,25
41,Pom Pom,0,26
42,Mario,0,31
42,Luigi,0,45
42,Peach,0,40
42,Daisy,0,31
42,Wario,-6,42
42,Waluigi,-6,36
42,Yoshi,0,40
42,Rosalina,8,20
42,Donkey Kong,15,40
42,Diddy Kong,2,49
42,Goomba,6,29
42,Shy Guy,0,28
42,Koopa Troopa,0,28
42,Monty Mole,1,35
42,Bowser,-9,55
42,Bowser Jr.,0,35
42,Boo,-6,41
42,Hammer Bro.,0,30
42,Dry Bones,0,25
42,Pom Pom,0,50
43,Mario,0,35
43,Luigi,0,41
43,Peach,0,42
43,Daisy,0,32
43,Wario,-6,42
43,Waluigi,-9,27
43,Yoshi,0,35
43,Rosalina,6,30
43,Donkey Kong,5,20
43,Diddy Kong,0,21
43,Goomba,10,24
43,Shy Guy,0,32
43,Koopa Troopa,0,32
43,Monty Mole,4,20
43,Bowser,-6,58
43,Bowser Jr.,0,30
43,Boo,-10,31
43,Hammer Bro.,6,28
43,Dry Bones,0,40
43,Pom Pom,0,45
44,Mario,0,33
44,Luigi,0,36
44,Peach,0,28
44,Daisy,0,31
44,Wario,-12,24
44,Waluigi,0,46
44,Yoshi,0,47
44,Rosalina,6,39
44,Donkey Kong,0,50
44,Diddy Kong,0,63
44,Goomba,4,33
44,Shy Guy,0,40
44,Koopa Troopa,0,32
44,Monty Mole,1,31
44,Bowser,-12,36
44,Bowser Jr.,0,49
44,Boo,-10,27
44,Hammer Bro.,6,20
44,Dry Bones,0,35
44,Pom Pom,0,50
45,Mario,0,34
45,Luigi,0,30
45,Peach,0,26
45,Daisy,0,32
45,Wario,-10,30
45,Waluigi,-3,31
45,Yoshi,0,43
45,Rosalina,4,35
45,Donkey Kong,5,40
45,Diddy Kong,4,42
45,Goomba,6,26
45,Shy Guy,0,24
45,Koopa Troopa,0,28
45,Monty Mole,2,35
45,Bowser,-6,58
45,Bowser Jr.,0,38
45,Boo,-6,43
45,Hammer Bro.,9,15
45,Dry Bones,0,40
45,Pom Pom,0,21
46,Mario,0,36
46,Luigi,0,40
46,Peach,0,32
46,Daisy,0,35
46,Wario,-12,24
46,Waluigi,-3,33
46,Yoshi,0,36
46,Rosalina,6,33
46,Donkey Kong,0,70
46,Diddy Kong,2,42
46,Goomba,8,22
46,Shy Guy,0,40
46,Koopa Troopa,0,37
46,Monty Mole,2,29
46,Bowser,-15,43
46,Bowser Jr.,0,30
46,Boo,-8,36
46,Hammer Bro.,9,15
46,Dry Bones,0,40
46,Pom Pom,0,40
47,Mario,0,29
47,Luigi,0,30
47,Peach,0,30
47,Daisy,0,32
47,Wario,-2,54
47,Waluigi,-6,36
47,Yoshi,0,41
47,Rosalina,6,34
47,Donkey Kong,0,50
47,Diddy Kong,0,42
47,Goomba,10,27
47,Shy Guy,0,28
47,Koopa Troopa,0,32
47,Monty Mole,3,26
47,Bowser,-9,46
47,Bowser Jr.,0,16
47,Boo,-6,39
47,Hammer Bro.,6,12
47,Dry Bones,0,35
47,Pom Pom,0,17
48,Mario,0,29
48,Luigi,0,38
48,Peach,0,38
48,Daisy,0,33
48,Wario,-2,54
48,Waluigi,-6,30
48,Yoshi,0,31
48,Rosalina,4,38
48,Donkey Kong,15,30
48,Diddy Kong,2,35
48,Goomba,12,15
48,Shy Guy,0,36
48,Koopa Troopa,0,26
48,Monty Mole,2,36
48,Bowser,-6,70
48,Bowser Jr.,0,46
48,Boo,-6,37
48,Hammer Bro.,3,17
48,Dry Bones,0,25
48,Pom Pom,0,32
49,Mario,0,30
49,Luigi,0,49
49,Peach,0,26
49,Daisy,0,35
49,Wario,-8,36
49,Waluigi,-9,29
49,Yoshi,0,32
49,Rosalina,4,32
49,Donkey Kong,15,30
49,Diddy Kong,4,49
49,Goomba,0,41
49,Shy Guy,0,40
49,Koopa Troopa,0,47
49,Monty Mole,4,23
49,Bowser,-9,47
49,Bowser Jr.,0,27
49,Boo,-8,34
49,Hammer Bro.,0,26
49,Dry Bones,0,30
49,Pom Pom,0,18
50,Mario,0,31
50,Luigi,0,39
50,Peach,0,32
50,Daisy,0,35
50,Wario,-6,42
50,Waluigi,-9,25
50,Yoshi,0,39
50,Rosalina,6,28
50,Donkey Kong,10,40
50,Diddy Kong,10,14
50,Goomba,4,35
50,Shy Guy,0,24
50,Koopa Troopa,0,28
50,Monty Mole,0,48
50,Bowser,-6,61
50,Bowser Jr.,0,36
50,Boo,-10,31
50,Hammer Bro.,6,16
50,Dry Bones,0,45
50,Pom Pom,0,29
51,Mario,0,43
51,Luigi,0,29
51,Peach,0,26
51,Daisy,0,34
51,Wario,-6,42
51,Waluigi,-3,37
51,Yoshi,0,44
51,Rosalina,4,22
51,Donkey Kong,0,30
51,Diddy Kong,2,35
51,Goomba,2,40
51,Shy Guy,0,32
51,Koopa Troopa,0,36
51,Monty Mole,2,29
51,Bowser,-12,38
51,Bowser Jr.,0,32
51,Boo,-10,29
51,Hammer Bro.,6,20
51,Dry Bones,0,30
51,Pom Pom,0,26
52,Mario,0,30
52,Luigi,0,47
52,Peach,0,28
52,Daisy,0,33
52,Wario,-12,24
52,Waluigi,-9,27
52,Yoshi,0,23
52,Rosalina,6,30
52,Donkey Kong,5,20
52,Diddy Kong,2,35
52,Goomba,4,41
52,Shy Guy,0,40
52,Koopa Troopa,0,35
52,Monty Mole,3,26
52,Bowser,-6,66
52,Bowser Jr.,0,25
52,Boo,-8,32
52,Hammer Bro.,9,15
52,Dry Bones,0,45
52,Pom Pom,0,24
53,Mario,0,26
53,Luigi,0,41
53,Peach,0,24
53,Daisy,0,34
53,Wario,-2,54
53,Waluigi,-6,42
53,Yoshi,0,23
53,Rosalina,4,36
53,Donkey Kong,10,30
53,Diddy Kong,6,35
53,Goomba,6,30
53,Shy Guy,0,32
53,Koopa Troopa,0,27
53,Monty Mole,0,40
53,Bowser,-6,65
53,Bowser Jr.,0,24
53,Boo,-8,32
53,Hammer Bro.,3,17
53,Dry Bones,0,40
53,Pom Pom,0,34
54,Mario,0,30
54,Luigi,0,30
54,Peach,0,30
54,Daisy,0,36
54,Wario,-12,24
54,Waluigi,-3,33
54,Yoshi,0,36
54,Rosalina,6,29
54,Donkey Kong,0,50
54,Diddy Kong,4,28
54,Goomba,12,16
54,Shy Guy,0,28
54,Koopa Troopa,0,55
54,Monty Mole,1,35
54,Bowser,-6,58
54,Bowser Jr.,0,32
54,Boo,-4,46
54,Hammer Bro.,3,33
54,Dry Bones,0,30
54,Pom Pom,0,28
55,Mario,0,32
55,Luigi,0,38
55,Peach,0,36
55,Daisy,0,35
55,Wario,-4,48
55,Waluigi,-9,25
55,Yoshi,0,38
55,Rosalina,6,26
55,Donkey Kong,5,30
55,Diddy Kong,2,28
55,Goomba,4,37
55,Shy Guy,0,28
55,Koopa Troopa,0,30
55,Monty Mole,1,38
55,Bowser,-15,40
55,Bowser Jr.,0,22
55,Boo,-10,31
55,Hammer Bro.,3,17
55,Dry Bones,0,40
55,Pom Pom,0,39
56,Mario,0,28
56,Luigi,0,22
56,Peach,0,38
56,Daisy,0,34
56,Wario,-6,42
56,Waluigi,-6,34
56,Yoshi,0,42
56,Rosalina,4,33
56,Donkey Kong,0,30
56,Diddy Kong,2,35
56,Goomba,6,33
56,Shy Guy,0,28
56,Koopa Troopa,0,49
56,Monty Mole,3,30
56,Bowser,-9,62
56,Bowser Jr.,0,32
56,Boo,-4,48
56,Hammer Bro.,9,19
56,Dry Bones,0,20
56,Pom Pom,0,37
57,Mario,0,32
57,Luigi,0,42
57,Peach,0,32
57,Daisy,0,33
57,Wario,-6,42
57,Waluigi,0,42
57,Yoshi,0,28
57,Rosalina,8,29
57,Donkey Kong,15,40
57,Diddy Kong,0,28
57,Goomba,6,33
57,Shy Guy,0,36
57,Koopa Troopa,0,31
57,Monty Mole,0,40
57,Bowser,-9,54
57,Bowser Jr.,0,37
57,Boo,-8,34
57,Hammer Bro.,3,13
57,Dry Bones,0,30
57,Pom Pom,0,37
58,Mario,0,35
58,Luigi,0,37
58,Peach,0,38
58,Daisy,0,30
58,Wario,-4,48
58,Waluigi,-3,41
58,Yoshi,0,31
58,Rosalina,4,23
58,Donkey Kong,10,60
58,Diddy Kong,0,21
58,Goomba,16,8
58,Shy Guy,0,28
58,Koopa Troopa,0,28
58,Monty Mole,2,34
58,Bowser,-6,69
58,Bowser Jr.,0,35
58,Boo,-6,43
58,Hammer Bro.,9,23
58,Dry Bones,0,30
58,Pom Pom,0,40
59,Mario,0,26
59,Luigi,0,45
59,Peach,0,34
59,Daisy,0,31
59,Wario,-10,30
59,Waluigi,-3,37
59,Yoshi,0,46
59,Rosalina,4,38
59,Donkey Kong,10,30
59,Diddy Kong,6,28
59,Goomba,2,45
59,Shy Guy,0,32
59,Koopa Troopa,0,28
59,Monty Mole,2,27
59,Bowser,-12,46
59,Bowser Jr.,0,30
59,Boo,-4,44
59,Hammer Bro.,6,24
59,Dry Bones,0,40
59,Pom Pom,0,37
60,Mario,0,34
60,Luigi,0,42
60,Peach,0,24
60,Daisy,0,32
60,Wario,-6,42
60,Waluigi,-3,35
60,Yoshi,0,31
60,Rosalina,4,32
60,Donkey Kong,10,50
60,Diddy Kong,2,49
60,Goomba,8,30
60,Shy Guy,0,28
60,Koopa Troopa,0,38
60,Monty Mole,3,26
60,Bowser,-15,34
60,Bowser Jr.,0,30
60,Boo,-4,50
60,Hammer Bro.,3,29
60,Dry Bones,0,40
60,Pom Pom,0,23
61,Mario,0,34
61,Luigi,0,34
61,Peach,0,30
61,Daisy,0,33
61,Wario,-8,36
61,Waluigi,-3,29
61,Yoshi,0,34
61,Rosalina,4,29
61,Donkey Kong,5,40
61,Diddy Kong,4,28
61,Goomba,2,42
61,Shy Guy,0,24
61,Koopa Troopa,0,29
61,Monty Mole,5,25
61,Bowser,-12,36
61,Bowser Jr.,0,27
61,Boo,-6,43
61,Hammer Bro.,3,17
61,Dry Bones,0,25
61,Pom Pom,0,32
62,Mario,0,36
62,Luigi,0,26
62,Peach,0,34
62,Daisy,0,33
62,Wario,-4,48
62,Waluigi,0,38
62,Yoshi,0,41
62,Rosalina,4,45
62,Donkey Kong,5,10
62,Diddy Kong,4,49
62,Goomba,12,16
62,Shy Guy,0,36
62,Koopa Troopa,0,15
62,Monty Mole,5,16
62,Bowser,-18,38
62,Bowser Jr.,0,43
62,Boo,-4,50
62,Hammer Bro.,3,21
62,Dry Bones,0,40
62,Pom Pom,0,42
63,Mario,0,29
63,Luigi,0,16
63,Peach,0,36
63,Daisy,0,34
63,Wario,-2,54
63,Waluigi,-6,36
63,Yoshi,0,38
63,Rosalina,8,18
63,Donkey Kong,5,40
63,Diddy Kong,2,42
63,Goomba,8,31
63,Shy Guy,0,16
63,Koopa Troopa,0,41
63,Monty Mole,2,29
63,Bowser,-9,46
63,Bowser Jr.,0,37
63,Boo,-12,24
63,Hammer Bro.,3,21
63,Dry Bones,0,30
63,Pom Pom,0,29
64,Mario,0,37
64,Luigi,0,48
64,Peach,0,36
64,Daisy,0,31
64,Wario,-8,36
64,Waluigi,-6,28
64,Yoshi,0,26
64,Rosalina,6,36
64,Donkey Kong,5,20
64,Diddy Kong,2,42
64,Goomba,6,32
64,Shy Guy,0,36
64,Koopa Troopa,0,24
64,Monty Mole,0,43
64,Bowser,-9,54
64,Bowser Jr.,0,40
64,Boo,-12,24
64,Hammer Bro.,6,16
64,Dry Bones,0,40
64,Pom Pom,0,39
65,Mario,0,32
65,Luigi,0,40
65,Peach,0,34
65,Daisy,0,32
65,Wario,-6,42
65,Waluigi,-6,30
65,Yoshi,0,33
65,Rosalina,6,32
65,Donkey Kong,15,40
65,Diddy Kong,4,42
65,Goomba,8,31
65,Shy Guy,0,36
65,Koopa Troopa,0,32
65,Monty Mole,0,44
65,Bowser,-6,74
65,Bowser Jr.,0,27
65,Boo,-8,36
65,Hammer Bro.,6,36
65,Dry Bones,0,35
65,Pom Pom,0,37
66,Mario,0,34
66,Luigi,0,52
66,Peach,0,32
66,Daisy,0,34
66,Wario,-8,36
66,Waluigi,0,50
66,Yoshi,0,33
66,Rosalina,6,35
66,Donkey Kong,5,30
66,Diddy Kong,4,35
66,Goomba,2,41
66,Shy Guy,0,36
66,Koopa Troopa,0,24
66,Monty Mole,2,31
66,Bowser,-6,57
66,Bowser Jr.,0,28
66,Boo,-16,12
66,Hammer Bro.,3,21
66,Dry Bones,0,45
66,Pom Pom,0,32
67,Mario,0,30
67,Luigi,0,34
67,Peach,0,28
67,Daisy,0,32
67,Wario,-6,42
67,Waluigi,0,34
67,Yoshi,0,28
67,Rosalina,10,15
67,Donkey Kong,5,60
67,Diddy Kong,2,42
67,Goomba,6,36
67,Shy Guy,0,36
67,Koopa Troopa,0,37
67,Monty Mole,2,38
67,Bowser,-6,56
67,Bowser Jr.,0,38
67,Boo,-6,43
67,Hammer Bro.,9,19
67,Dry Bones,0,40
67,Pom Pom,0,32
68,Mario,0,34
68,Luigi,0,35
68,Peach,0,32
68,Daisy,0,35
68,Wario,-10,30
68,Waluigi,-12,32
68,Yoshi,0,29
68,Rosalina,10,19
68,Donkey Kong,5,40
68,Diddy Kong,2,42
68,Goomba,8,29
68,Shy Guy,0,32
68,Koopa Troopa,0,42
68,Monty Mole,1,36
68,Bowser,-6,56
68,Bowser Jr.,0,41
68,Boo,-4,56
68,Hammer Bro.,6,12
68,Dry Bones,0,35
68,Pom Pom,0,37
69,Mario,0,34
69,Luigi,0,45
69,Peach,0,40
69,Daisy,0,34
69,Wario,-2,54
69,Waluigi,-3,35
69,Yoshi,0,33
69,Rosalina,8,23
69,Donkey Kong,20,40
69,Diddy Kong,0,49
69,Goomba,2,42
69,Shy Guy,0,40
69,Koopa Troopa,0,25
69,Monty Mole,2,28
69,Bowser,-15,37
69,Bowser Jr.,0,33
69,Boo,-10,33
69,Hammer Bro.,0,22
69,Dry Bones,0,40
69,Pom Pom,0,32
70,Mario,0,22
70,Luigi,0,38
70,Peach,0,38
70,Daisy,0,31
70,Wario,-2,54
70,Waluigi,-6,36
70,Yoshi,0,54
70,Rosalina,6,30
70,Donkey Kong,10,30
70,Diddy Kong,0,49
70,Goomba,10,20
70,Shy Guy,0,32
70,Koopa Troopa,0,36
70,Monty Mole,4,34
70,Bowser,-6,53
70,Bowser Jr.,0,31
70,Boo,-4,54
70,Hammer Bro.,3,25
70,Dry Bones,0,50
70,Pom Pom,0,34
71,Mario,0,31
71,Luigi,0,46
71,Peach,0,36
71,Daisy,0,34
71,Wario,-4,48
71,Waluigi,-6,36
71,Yoshi,0,36
71,Rosalina,8,20
71,Donkey Kong,0,40
71,Diddy Kong,6,42
71,Goomba,4,36
71,Shy Guy,0,32
71,Koopa Troopa,0,31
71,Monty Mole,3,32
71,Bowser,-15,35
71,Bowser Jr.,0,27
71,Boo,-8,36
71,Hammer Bro.,3,21
71,Dry Bones,0,35
71,Pom Pom,0,27
72,Mario,0,37
72,Luigi,0,29
72,Peach,0,34
72,Daisy,0,30
72,Wario,-12,24
72,Waluigi,0,46
72,Yoshi,0,37
72,Rosalina,6,27
72,Donkey Kong,10,50
72,Diddy Kong,2,42
72,Goomba,2,44
72,Shy Guy,0,20
72,Koopa Troopa,0,30
72,Monty Mole,3,31
72,Bowser,-15,38
72,Bowser Jr.,0,51
72,Boo,-4,50
72,Hammer Bro.,3,21
72,Dry Bones,0,45
72,Pom Pom,0,35
73,Mario,0,32
73,Luigi,0,34
73,Peach,0,18
73,Daisy,0,36
73,Wario,-4,48
73,Waluigi,-3,47
73,Yoshi,0,35
73,Rosalina,10,22
73,Donkey Kong,20,30
73,Diddy Kong,0,42
73,Goomba,4,35
73,Shy Guy,0,40
73,Koopa Troopa,0,28
73,Monty Mole,1,32
73,Bowser,-6,59
73,Bowser Jr.,0,38
73,Boo,-4,46
73,Hammer Bro.,0,26
73,Dry Bones,0,25
73,Pom Pom,0,29
74,Mario,0,28
74,Luigi,0,29
74,Peach,0,16
74,Daisy,0,34
74,Wario,-8,36
74,Waluigi,-3,39
74,Yoshi,0,46
74,Rosalina,8,21
74,Donkey Kong,15,10
74,Diddy Kong,4,14
74,Goomba,4,42
74,Shy Guy,0,36
74,Koopa Troopa,0,40
74,Monty Mole,3,25
74,Bowser,-9,53
74,Bowser Jr.,0,45
74,Boo,-10,31
74,Hammer Bro.,3,17
74,Dry Bones,0,45
74,Pom Pom,0,31
75,Mario,0,43
75,Luigi,0,43
75,Peach,0,26
75,Daisy,0,33
75,Wario,-2,54
75,Waluigi,-3,35
75,Yoshi,0,49
75,Rosalina,12,13
75,Donkey Kong,5,20
75,Diddy Kong,4,28
75,Goomba,8,25
75,Shy Guy,0,32
75,Koopa Troopa,0,33
75,Monty Mole,3,19
75,Bowser,-12,50
75,Bowser Jr.,0,32
75,Boo,-4,44
75,Hammer Bro.,6,8
75,Dry Bones,0,30
75,Pom Pom,0,24
76,Mario,0,35
76,Luigi,0,39
76,Peach,0,36
76,Daisy,0,34
76,Wario,-2,54
76,Waluigi,0,44
76,Yoshi,0,42
76,Rosalina,0,30
76,Donkey Kong,10,40
76,Diddy Kong,2,42
76,Goomba,6,33
76,Shy Guy,0,28
76,Koopa Troopa,0,21
76,Monty Mole,0,40
76,Bowser,-18,21
76,Bowser Jr.,0,36
76,Boo,-6,39
76,Hammer Bro.,0,22
76,Dry Bones,0,35
76,Pom Pom,0,18
77,Mario,0,32
77,Luigi,0,40
77,Peach,0,30
77,Daisy,0,35
77,Wario,-6,42
77,Waluigi,-3,31
77,Yoshi,0,37
77,Rosalina,6,32
77,Donkey Kong,5,50
77,Diddy Kong,2,35
77,Goomba,8,24
77,Shy Guy,0,36
77,Koopa Troopa,0,37
77,Monty Mole,3,25
77,Bowser,-3,65
77,Bowser Jr.,0,24
77,Boo,-8,40
77,Hammer Bro.,6,16
77,Dry Bones,0,45
77,Pom Pom,0,39
78,Mario,0,44
78,Luigi,0,34
78,Peach,0,30
78,Daisy,0,33
78,Wario,-2,54
78,Waluigi,-3,35
78,Yoshi,0,41
78,Rosalina,6,40
78,Donkey Kong,5,40
78,Diddy Kong,2,28
78,Goomba,4,35
78,Shy Guy,0,40
78,Koopa Troopa,0,34
78,Monty Mole,2,34
78,Bowser,-15,35
78,Bowser Jr.,0,16
78,Boo,-6,45
78,Hammer Bro.,3,21
78,Dry Bones,0,35
78,Pom Pom,0,28
79,Mario,0,35
79,Luigi,0,36
79,Peach,0,34
79,Daisy,0,32
79,Wario,-6,42
79,Waluigi,-3,41
79,Yoshi,0,34
79,Rosalina,4,29
79,Donkey Kong,10,40
79,Diddy Kong,8,35
79,Goomba,4,39
79,Shy Guy,0,24
79,Koopa Troopa,0,39
79,Monty Mole,1,36
79,Bowser,-15,46
79,Bowser Jr.,0,27
79,Boo,-6,43
79,Hammer Bro.,6,20
79,Dry Bones,0,25
79,Pom Pom,0,34
80,Mario,0,32
80,Luigi,0,35
80,Peach,0,40
80,Daisy,0,33
80,Wario,-6,42
80,Waluigi,-3,39
80,Yoshi,0,43
80,Rosalina,8,25
80,Donkey Kong,5,10
80,Diddy Kong,4,35
80,Goomba,4,35
80,Shy Guy,0,36
80,Koopa Troopa,0,43
80,Monty Mole,0,37
80,Bowser,-12,45
80,Bowser Jr.,0,26
80,Boo,-6,45
80,Hammer Bro.,6,24
80,Dry Bones,0,45
80,Pom Pom,0,40
81,Mario,0,26
81,Luigi,0,41
81,Peach,0,34
81,Daisy,0,34
81,Wario,-4,48
81,Waluigi,-3,35
81,Yoshi,0,25
81,Rosalina,6,41
81,Donkey Kong,5,60
81,Diddy Kong,2,42
81,Goomba,8,30
81,Shy Guy,0,32
81,Koopa Troopa,0,20
81,Monty Mole,3,30
81,Bowser,0,73
81,Bowser Jr.,0,39
81,Boo,-4,52
81,Hammer Bro.,3,25
81,Dry Bones,0,30
81,Pom Pom,0,15
82,Mario,0,34
82,Luigi,0,52
82,Peach,0,36
82,Daisy,0,34
82,Wario,-6,42
82,Waluigi,-3,43
82,Yoshi,0,37
82,Rosalina,10,19
82,Donkey Kong,15,50
82,Diddy Kong,2,28
82,Goomba,6,37
82,Shy Guy,0,36
82,Koopa Troopa,0,25
82,Monty Mole,2,32
82,Bowser,-3,59
82,Bowser Jr.,0,38
82,Boo,-8,36
82,Hammer Bro.,6,20
82,Dry Bones,0,25
82,Pom Pom,0,34
83,Mario,0,33
83,Luigi,0,34
83,Peach,0,26
83,Daisy,0,32
83,Wario,-10,30
83,Waluigi,-9,37
83,Yoshi,0,48
83,Rosalina,6,23
83,Donkey Kong,5,40
83,Diddy Kong,2,28
83,Goomba,8,26
83,Shy Guy,0,32
83,Koopa Troopa,0,20
83,Monty Mole,1,26
83,Bowser,-12,43
83,Bowser Jr.,0,30
83,Boo,-10,31
83,Hammer Bro.,12,14
83,Dry Bones,0,30
83,Pom Pom,0,29
84,Mario,0,41
84,Luigi,0,31
84,Peach,0,28
84,Daisy,0,33
84,Wario,-10,30
84,Waluigi,-6,40
84,Yoshi,0,44
84,Rosalina,4,40
84,Donkey Kong,10,50
84,Diddy Kong,0,56
84,Goomba,6,32
84,Shy Guy,0,28
84,Koopa Troopa,0,48
84,Monty Mole,2,25
84,Bowser,-9,49
84,Bowser Jr.,0,35
84,Boo,-8,38
84,Hammer Bro.,6,16
84,Dry Bones,0,30
84,Pom Pom,0,40
85,Mario,0,35
85,Luigi,0,45
85,Peach,0,46
85,Daisy,0,34
85,Wario,-4,48
85,Waluigi,-6,34
85,Yoshi,0,50
85,Rosalina,6,36
85,Donkey Kong,20,0
85,Diddy Kong,4,28
85,Goomba,8,23
85,Shy Guy,0,32
85,Koopa Troopa,0,36
85,Monty Mole,2,39
85,Bowser,-12,47
85,Bowser Jr.,0,25
85,Boo,-8,34
85,Hammer Bro.,6,24
85,Dry Bones,0,30
85,Pom Pom,0,37
86,Mario,0,37
86,Luigi,0,34
86,Peach,0,26
86,Daisy,0,33
86,Wario,-4,48
86,Waluigi,-3,45
86,Yoshi,0,35
86,Rosalina,6,24
86,Donkey Kong,10,60
86,Diddy Kong,2,21
86,Goomba,6,34
86,Shy Guy,0,36
86,Koopa Troopa,0,21
86,Monty Mole,2,39
86,Bowser,-3,50
86,Bowser Jr.,0,16
86,Boo,-12,24
86,Hammer Bro.,6,20
86,Dry Bones,0,45
86,Pom Pom,0,27
87,Mario,0,31
87,Luigi,0,27
87,Peach,0,34
87,Daisy,0,33
87,Wario,-4,48
87,Waluigi,-3,35
87,Yoshi,0,36
87,Rosalina,6,22
87,Donkey Kong,0,20
87,Diddy Kong,2,35
87,Goomba,8,30
87,Shy Guy,0,32
87,Koopa Troopa,0,37
87,Monty Mole,0,44
87,Bowser,-9,52
87,Bowser Jr.,0,53
87,Boo,-2,53
87,Hammer Bro.,0,30
87,Dry Bones,0,35
87,Pom Pom,0,37
88,Mario,0,38
88,Luigi,0,36
88,Peach,0,22
88,Daisy,0,34
88,Wario,-4,48
88,Waluigi,-6,42
88,Yoshi,0,27
88,Rosalina,10,21
88,Donkey Kong,15,20
88,Diddy Kong,2,42
88,Goomba,14,15
88,Shy Guy,0,24
88,Koopa Troopa,0,41
88,Monty Mole,1,38
88,Bowser,-12,47
88,Bowser Jr.,0,54
88,Boo,-2,53
88,Hammer Bro.,6,16
88,Dry Bones,0,50
88,Pom Pom,0,18
89,Mario,0,33
89,Luigi,0,34
89,Peach,0,40
89,Daisy,0,31
89,Wario,-4,48
89,Waluigi,-9,29
89,Yoshi,0,49
89,Rosalina,12,13
89,Donkey Kong,10,20
89,Diddy Kong,0,35
89,Goomba,6,36
89,Shy Guy,0,32
89,Koopa Troopa,0,28
89,Monty Mole,0,37
89,Bowser,-6,49
89,Bowser Jr.,0,38
89,Boo,-10,31
89,Hammer Bro.,6,28
89,Dry Bones,0,25
89,Pom Pom,0,37
90,Mario,0,32
90,Luigi,0,33
90,Peach,0,38
90,Daisy,0,35
90,Wario,-2,54
90,Waluigi,-3,35
90,Yoshi,0,26
90,Rosalina,10,21
90,Donkey Kong,5,40
90,Diddy Kong,0,49
90,Goomba,10,22
90,Shy Guy,0,36
90,Koopa Troopa,0,23
90,Monty Mole,1,38
90,Bowser,-6,63
90,Bowser Jr.,0,25
90,Boo,-8,40
90,Hammer Bro.,3,25
90,Dry Bones,0,35
90,Pom Pom,0,37
91,Mario,0,32
91,Luigi,0,43
91,Peach,0,40
91,Daisy,0,34
91,Wario,-4,48
91,Waluigi,-3,35
91,Yoshi,0,36
91,Rosalina,4,42
91,Donkey Kong,5,10
91,Diddy Kong,4,28
91,Goomba,10,21
91,Shy Guy,0,36
91,Koopa Troopa,0,37
91,Monty Mole,2,36
91,Bowser,-3,68
91,Bowser Jr.,0,27
91,Boo,-14,21
91,Hammer Bro.,0,26
91,Dry Bones,0,25
91,Pom Pom,0,34
92,Mario,0,33
92,Luigi,0,41
92,Peach,0,30
92,Daisy,0,34
92,Wario,-6,42
92,Waluigi,0,44
92,Yoshi,0,45
92,Rosalina,0,44
92,Donkey Kong,10,40
92,Diddy Kong,4,21
92,Goomba,4,31
92,Shy Guy,0,36
92,Koopa Troopa,0,52
92,Monty Mole,0,36
92,Bowser,-6,58
92,Bowser Jr.,0,29
92,Boo,-8,36
92,Hammer Bro.,0,22
92,Dry Bones,0,30
92,Pom Pom,0,32
93,Mario,0,40
93,Luigi,0,36
93,Peach,0,32
93,Daisy,0,33
93,Wario,-12,24
93,Waluigi,-6,44
93,Yoshi,0,35
93,Rosalina,10,22
93,Donkey Kong,0,20
93,Diddy Kong,4,49
93,Goomba,8,24
93,Shy Guy,0,32
93,Koopa Troopa,0,31
93,Monty Mole,1,34
93,Bowser,-12,48
93,Bowser Jr.,0,35
93,Boo,-8,36
93,Hammer Bro.,0,14
93,Dry Bones,0,30
93,Pom Pom,0,40
94,Mario,0,38
94,Luigi,0,27
94,Peach,0,36
94,Daisy,0,32
94,Wario,-10,30
94,Waluigi,-3,35
94,Yoshi,0,50
94,Rosalina,6,18
94,Donkey Kong,10,30
94,Diddy Kong,0,42
94,Goomba,8,25
94,Shy Guy,0,40
94,Koopa Troopa,0,35
94,Monty Mole,0,45
94,Bowser,-6,73
94,Bowser Jr.,0,19
94,Boo,-6,43
94,Hammer Bro.,3,29
94,Dry Bones,0,45
94,Pom Pom,0,32
95,Mario,0,25
95,Luigi,0,45
95,Peach,0,16
95,Daisy,0,33
95,Wario,0,60
95,Waluigi,-12,16
95,Yoshi,0,35
95,Rosalina,4,35
95,Donkey Kong,10,50
95,Diddy Kong,6,42
95,Goomba,6,37
95,Shy Guy,0,36
95,Koopa Troopa,0,20
95,Monty Mole,2,32
95,Bowser,-9,39
95,Bowser Jr.,0,16
95,Boo,-8,40
95,Hammer Bro.,6,32
95,Dry Bones,0,40
95,Pom Pom,0,32
96,Mario,0,37
96,Luigi,0,46
96,Peach,0,32
96,Daisy,0,34
96,Wario,-12,24
96,Waluigi,-3,35
96,Yoshi,0,32
96,Rosalina,10,26
96,Donkey Kong,5,30
96,Diddy Kong,6,35
96,Goomba,6,29
96,Shy Guy,0,32
96,Koopa Troopa,0,46
96,Monty Mole,2,34
96,Bowser,-21,20
96,Bowser Jr.,0,41
96,Boo,-8,34
96,Hammer Bro.,6,20
96,Dry Bones,0,30
96,Pom Pom,0,26
97,Mario,0,33
97,Luigi,0,47
97,Peach,0,36
97,Daisy,0,32
97,Wario,-8,36
97,Waluigi,0,44
97,Yoshi,0,36
97,Rosalina,12,13
97,Donkey Kong,5,50
97,Diddy Kong,6,35
97,Goomba,8,23
97,Shy Guy,0,36
97,Koopa Troopa,0,37
97,Monty Mole,2,33
97,Bowser,-6,50
97,Bowser Jr.,0,44
97,Boo,-8,34
97,Hammer Bro.,0,26
97,Dry Bones,0,45
97,Pom Pom,0,39
98,Mario,0,37
98,Luigi,0,43
98,Peach,0,38
98,Daisy,0,31
98,Wario,-6,42
98,Waluigi,-6,40
98,Yoshi,0,43
98,Rosalina,10,29
98,Donkey Kong,5,30
98,Diddy Kong,4,21
98,Goomba,6,33
98,Shy Guy,0,40
98,Koopa Troopa,0,33
98,Monty Mole,2,38
98,Bowser,-6,64
98,Bowser Jr.,0,27
98,Boo,-10,31
98,Hammer Bro.,6,20
98,Dry Bones,0,30
98,Pom Pom,0,42
99,Mario,0,37
99,Luigi,0,40
99,Peach,0,28
99,Daisy,0,31
99,Wario,-12,24
99,Waluigi,-3,33
99,Yoshi,0,28
99,Rosalina,6,19
99,Donkey Kong,5,30
99,Diddy Kong,0,42
99,Goomba,8,26
99,Shy Guy,0,32
99,Koopa Troopa,0,27
99,Monty Mole,5,17
99,Bowser,-18,38
99,Bowser Jr.,0,30
99,Boo,-12,24
99,Hammer Bro.,3,37
99,Dry Bones,0,35
99,Pom Pom,0,37
100,Mario,0,28
100,Luigi,0,20
100,Peach,0,36
100,Daisy,0,32
100,Wario,-4,48
100,Waluigi,-3,31
100,Yoshi,0,33
100,Rosalina,4,27
100,Donkey Kong,10,30
100,Diddy Kong,6,14
100,Goomba,2,35
100,Shy Guy,0,28
100,Koopa Troopa,0,20
100,Monty Mole,0,37
100,Bowser,-9,42
100,Bowser Jr.,0,32
100,Boo,-4,46
100,Hammer Bro.,9,19
100,Dry Bones,0,45
100,Pom Pom,0,37
